service_id,record_id
1,1263117591292794971
2,1279040855576324107
3,913187918206344111
4,1265660833018089515
5,31977850
6,1064582612806013751
7,1210295928648344258
8,1252849636674011237
9,1197637831227097242
10,1243254147120959358
11,52981104
12,1155809416104019462
13,1280281294391488962
14,1279034995385137358
15,1251405079105833124
16,1254299121348179957
17,1197658127949521687
18,1192612229323894350
19,1123156827645522473
20,1250095973933022993
21,31977858
22,1147692746401940575
23,1268163818980729724
24,1270266469340006214
25,1250842195271697900
26,1250076660022718536
27,1126661637688071846
28,1239353939252642805
29,40723364
30,1086018140861723540
31,40553667
32,1278815157116605567
33,1253648186710032597
34,961287943216806993
35,36054333
36,40577359
37,1250849148938167139
38,545602057442226577
39,1252854137324361932
40,22548858
41,1264417090227650223
42,1277720203892360783
43,613060389897931575
44,14006090
45,6082313
46,1242680451877593023
47,1986412
48,1202780025822678818
49,7954069
50,1252851017334064123
51,40553596
52,1248794356730472452
53,39788335
54,1100921852236177943
55,12634537
56,1210293681811098298
57,1257766145037388052
58,1260943457657919926
59,1207065162731542501
60,850684095339937556
61,1064600115893611718
62,10038461
63,1093448422640679577
64,1161584582285750129
65,1192692130835760091
66,743181042761198878
67,1277705142024688819
68,1882669
69,1212272386691330030
70,1273185111265704381
71,961442045210294120
72,925352498744582129
73,950039730069038028
74,961426648266194498
75,1176611230178132461
76,42918242
77,1109989
78,549976913937241380
79,1199066975770288099
80,1257904298419490143
81,52981180
82,1259293393052162749
83,53056356
84,1268094823823482110
85,927418121223302860
86,1186557696488151161
87,80004
88,878658347316285621
89,729078
90,52047123
91,24343358
92,45325166
93,1239920055875442315
94,1091169236240766560
95,1257769885054208712
96,1268315562716583459
97,1228812933215136247
98,2991893
99,1277486454471917370
100,819557487523981238
101,1125108232548735004
102,26766150
103,18913927
104,908155559326571593
105,2439919
106,7953354
107,40554669
108,52047182
109,827628743454560099
110,1273174685854474524
111,696777471141566786
112,1178815108007831530
113,1239053049458811288
114,43918687
115,999188656384515552
116,45576362
117,1277528490911798669
118,41901120
119,52047578
120,1157940083806394440
121,24424717
122,1193422286739955479
123,1236146172416885944
124,957657
125,1247847001004128032
126,1262305503354567240
127,1154954840525688187
128,1269383741709289176
129,29171393
130,31482730
131,852372864665104930
132,1018781782349991550
133,1275738933960711672
134,1102583562378842806
135,1277512686840174474
136,878759262826963543
137,1188963719958285093
138,1031002061578844729
139,23284399
140,3512999
141,4216358
142,1102583562378842806
143,1227947729562300326
144,52319428
145,44159663
146,1275738933960711672
147,53159288
148,39772949
149,1253564572663779439
150,1128458021982193302
151,1251445532123168746
152,18211389
153,23586943
154,1234633898550186236
155,24054263
156,1140717328893210788
157,2828143
158,44030369
159,1205013938284552677
160,1265216980844013939
161,1277568653020733173
162,25364321
163,50063836
164,24238588
165,8880938
166,2469747
167,1248750542478617295
168,1239778000568445396
169,1064588199303595322
170,32305209
171,961443747111735031
172,745486676233127450
173,31480547
174,31479778
175,32571410
176,4691491
177,1096969555168929837
178,46770917
179,878802065364259765
180,52705619
181,723644764087881659
182,7044731
183,2910491
184,966800835682389611
185,878813716760200926
186,1136878249468205064
187,1170764500447833855
188,1131157591048193921
189,1000514588274707195
190,25562552
191,16780481
192,1737505
193,1248760917371966497
194,1262390950809215892
195,1110788629740352877
196,20966731
197,5561974
198,52047510
199,44995311
200,723612652792708855
201,1151964477819696574
202,1100488398083786257
203,878746003499728024
204,2491989
205,31479637
206,1242470
207,53410760
208,743650278885977325
209,1171223474819406056
210,723620525927087811
211,1270261581637460121
212,53858106
213,52868638
214,3144104
215,1070876065506129351
216,961440575589611755
217,1670427
218,696150929415709314
219,884049537215668089
220,843583628506984374
221,829229988526268828
222,1026156537961780808
223,1123775217966601123
224,1265031652387752435
225,20433221
226,805734601678455714
227,1060508835554427498
228,878081145884475316
229,823245139521323599
230,1183185927717485350
231,1225319033376539845
232,1250123287351251582
233,2576955
234,38920975
235,10737758
236,1210221890355761842
237,1121943650344876902
238,2177176
239,1260094358313659968
240,39404484
241,955587743080710717
242,24978663
243,705781639252004170
244,1080351101897628553
245,29841719
246,3588409
247,999287710180353527
248,1147775583900180464
249,1274544852204881011
250,1258532236251609781
251,627960131995905508
252,722924578533756360
253,656746284190714271
254,534550
255,1269383741709289176
256,1110775765657684157
257,1262390950809215892
258,40553667
259,1252854137324361932
260,52981104
261,961287943216806993
262,1252849636674011237
263,1213691178291414318
264,31977850
265,1257766145037388052
266,708585040013400709
267,1277705142024688819
268,1239353939252642805
269,1254299121348179957
270,1268094823823482110
271,1147692746401940575
272,1093448422640679577
273,36054333
274,1251405079105833124
275,53185029
276,1167355356931891572
277,39940188
278,1219561473030220539
279,921610069244187126
280,995740216386278670
281,43236801
282,927418121223302860
283,40723364
284,1253564572663779439
285,40553596
286,1280281294391488962
287,994793512972717331
288,1207065162731542501
289,719440411250596953
290,2510966
291,42127782
292,1228812933215136247
293,8181239
294,24343358
295,48838696
296,46349248
297,1183185927717485350
298,45889186
299,1234633898550186236
300,1222003173128366994
301,1202780025822678818
302,47043666
303,33764163
304,1235805
305,1197993987379633328
306,1165432
307,33816957
308,22991302
309,2373057
310,29274945
311,977631
312,53411031
313,1257769885054208712
314,1166028384815630389
315,35488866
316,2167544
317,50427228
318,39598491
319,12622252
320,1126661637688071846
321,1243254147120959358
322,1248750542478617295
323,45576362
324,1248760917371966497
325,5561974
326,53159288
327,636655325451341783
328,1019340307296601080
329,1277528490911798669
330,906559
331,51590412
332,33385782
333,1123669483735273588
334,1257904298419490143
335,625262449163269463
336,44159663
337,46366481
338,1126613779447054663
339,654931709401915174
340,19779311
341,3539908
342,1164342626799455637
343,22026733
344,862122500288513146
345,1013274381488339105
346,823262600266318680
347,53056356
348,48348783
349,7296618
350,40938645
351,1265216980844013939
352,979073
353,26408688
354,50063836
355,52279129
356,2669219
357,1210295928648344258
358,988917
359,28554820
360,696286140249559857
361,1236146172416885944
362,13628415
363,790475
364,1025886891634709543
365,801909472414507212
366,53840732
367,17021004
368,661678370861367884
369,43235590
370,52231678
371,16405178
372,32561248
373,50267803
374,743181042761198878
375,1118014954762604260
376,44995311
377,32305209
378,14346513
379,1216583610418476390
380,22604862
381,1250076660022718536
382,45294779
383,543342
384,53185946
385,1145002512960552414
386,44994769
387,803477361689343237
388,2755738
389,984985
390,41822352
391,2469678
392,596377715892032374
393,1242680451877593023
394,28688045
395,591189288332716179
396,934979
397,1291971
398,1239053049458811288
399,1239920055875442315
400,1268042754191031162
401,2122261
402,37699365
403,1242834828567547576
404,51224993
405,38180244
406,1064600115893611718
407,2512546
408,20914955
409,1170109696564078969
410,13009615
411,52360477
412,1203377319704112022
413,1155809416104019462
414,52360027
415,50972615
416,757255974796976163
417,53585307
418,943928658717986567
419,1168874115842972093
420,53236289
421,51319559
422,32571410
423,39621148
424,831604568888993495
425,1102498
426,1188963719958285093
427,40509023
428,2324304
429,43881409
430,1529855
431,1197658127949521687
432,26940439
433,1250691973734212234
434,879504994747416033
435,31758760
436,30760852
437,12256600
438,1204516840130355594
439,931591920999936286
440,39692277
441,29536130
442,1670427
443,39753264
444,1695711
445,41003481
446,20626518
447,10447043
448,469710
449,671712387156408741
450,925352498744582129
451,867063745856775573
452,2491989
453,1125549774682075122
454,1161584582285750129
455,35605066
456,16592830
457,1165745800134118595
458,330957
459,41616877
460,639225290012118694
461,1151964477819696574
462,1274544852204881011
463,1411945
464,23645698
465,5483016
466,17151368
467,1051389055033236390
468,2152440
469,30587399
470,644609319092681892
471,4123242
472,5008477
473,1530586
474,831645774318200476
475,1219487292461143358
476,48715762
477,817502259871229692
478,1218839205526119252
479,50064483
480,836651465284550703
481,1250095973933022993
482,891762287658652673
483,1121010995052795859
484,909968978800483846
485,1702721
486,750696265122288224
487,8030534
488,1183418623106448217
489,1192692130835760091
490,12598354
491,52047123
492,1159486199678585470
493,14006090
494,7953354
495,1448933
496,38263959
497,588996
498,39404484
499,6152624
500,1117346278562771218
501,27013203
502,42503958
503,1183428269290839829
504,1176067615351381457
505,41920692
506,29322564
507,615794458278419978
508,1337978
509,513603461473927454
510,1160681021975167440
511,1268765530082134094
512,1197658127949521687
513,42918242
514,987387357183262245
515,1279034995385137358
516,1260943457657919926
517,1100488398083786257
518,1252849636674011237
519,1157789657547374208
520,34296498
521,36339224
522,1189153499320877810
523,40723364
524,1250076494871048323
525,52981104
526,947831878115604629
527,1264564400066050822
528,1275738933960711672
529,1277805792826398399
530,1239353939252642805
531,1270266469340006214
532,1234036877802738824
533,844911973050049471
534,36054333
535,21658491
536,1239053049458811288
537,972368131833350601
538,1250842195271697900
539,1150561195197440927
540,1065130186260291865
541,1265346572188062434
542,975010327227130112
543,1211591686530443642
544,1252851017334064123
545,1243254147120959358
546,1278514192883022827
547,1238563255180763724
548,1239920055875442315
549,1147692746401940575
550,1250849148938167139
551,1204060708283081872
552,1228812933215136247
553,873241310304024021
554,1170391772322980084
555,41834503
556,952700028715241131
557,1221660972741891595
558,28148308
559,1236666704904735115
560,972366981696468822
561,1277834546435238195
562,1210295928648344258
563,40549949
564,36159982
565,1193504278643813121
566,1259293393052162749
567,907801277954881530
568,657773150147487073
569,1261753796980577047
570,15924643
571,1257766145037388052
572,28148966
573,892157919701159228
574,780498717169145098
575,1070057623366865120
576,16994256
577,961426648266194498
578,1181755516193054784
579,19732627
580,1089826324771368031
581,1261716475243832134
582,45679907
583,19873910
584,13571420
585,6833040
586,1187090822695631231
587,1242680451877593023
588,8835415
589,1142718045456916240
590,1251405079105833124
591,1263117591292794971
592,39753264
593,1189148918830292511
594,1031618814606579944
595,1272954629560262526
596,545602057442226577
597,1126661637688071846
598,1257769885054208712
599,790496430265031624
600,583987826544046548
601,928941163244537984
602,891079152970143619
603,53635036
604,697578891420769168
605,1172638869576451970
606,1250076660022718536
607,802285285499861350
608,1149136679813171553
609,654948332768597138
610,1278257252077929445
611,1125225051629566511
612,997798425701205779
613,29587968
614,23744459
615,39404484
616,862747800117931050
617,1064582612806013751
618,1868652
619,760801838388774090
620,1260018
621,1076038516533502272
622,22662931
623,1027571829045048978
624,1189859532217427649
625,1084539785193506460
626,16656541
627,1156411796973561184
628,1259116019707310328
629,613060389897931575
630,8529299
631,1254299121348179957
632,697584846072978952
633,1250095973933022993
634,50957438
635,1070041815274078378
636,622091179379166142
637,20368174
638,1066819269213186652
639,1253648186710032597
640,699200769444468433
641,1193500597485584032
642,969683313495052679
643,841435360429651375
644,1250123287351251582
645,1159278810932254708
646,1182074494483540488
647,805187979278991526
648,18231705
649,21711501
650,1094948778032934112
651,1212504057550888291
652,1245038694703641493
653,27845927
654,1182761979474528929
655,22170061
656,1092035868617860266
657,1014886143637428188
658,40661708
659,912232698083227978
660,1069480841499856359
661,1182414917987923802
662,1133641848064737781
663,40553667
664,1192612229323894350
665,1161584582285750129
666,1066799105739464935
667,1040176477883642347
668,992851837782545030
669,1213067999545673548
670,6082313
671,1152922196218718937
672,1064600115893611718
673,673086214664958018
674,952818698133939147
675,30254261
676,15593934
677,799080192649946305
678,20812821
679,38263959
680,680276886320578235
681,621656
682,8006847
683,23232623
684,1176226107076295255
685,24533837
686,1077425815550336485
687,1210589702127910489
688,20072386
689,4400390
690,25861509
691,2804502
692,45132322
693,1156381807525987733
694,977745
695,1212272386691330030
696,730559606468704616
697,1280281294391488962
698,31977850
699,1169650994261247781
700,1144278763255549265
701,1155809416104019462
702,1013079336018715533
703,1269491622204635396
704,1173754145351312679
705,1042600883095164181
706,53526774
707,1077482689525767705
708,1205592108295952981
709,1986412
710,950039730069038028
711,8811813
712,7954069
713,1115645801421869814
714,22644664
715,7953354
716,16385876
717,1189619882961667975
718,8420515
719,866415333573783359
720,49105478
721,1185467748965904070
722,50201522
723,14764055
724,988917
725,12236695
726,1182790397410494497
727,53227788
728,1204400748281119952
729,609088912417473137
730,28017414
731,52147308
732,1252216285442819462
733,1170764500447833855
734,17622953
735,12256600
736,1211523969659894568
737,15504491
738,1199066975770288099
739,1188194842775911600
740,902896849301776863
741,896425211459641232
742,1250029504951843378
743,1254121757227001069
744,52823913
745,1221201430539764837
746,23663833
747,31280883
748,3744012
749,25069976
750,1126870339906624244
751,40553596
752,31733790
753,1252849636674011237
754,4683548
755,907801277954881530
756,53526774
757,1247673407955897340
758,717032907945200215
759,39404484
760,34296498
761,969683313495052679
762,1259116019707310328
763,892157919701159228
764,1264564400066050822
765,36339224
766,970002933214725540
767,6833040
768,14164414
769,8811813
770,1094948778032934112
771,6333329
772,4400390
773,1064956
774,994793512972717331
775,1252851017334064123
776,12256600
777,1146188566779781696
778,38263959
779,977745
780,1211569957099186650
781,873241310304024021
782,1042600883095164181
783,3218014
784,749956728602400360
785,1211591686530443642
786,842389
787,1026731460964696972
788,18942359
789,2722884
790,1076038516533502272
791,19732627
792,44246711
793,1277834546435238195
794,799648992757019799
795,1065130186260291865
796,1134584414286515637
797,23744459
798,12236695
799,32457366
800,8881364
801,27127886
802,36054333
803,13555213
804,861661648292189111
805,1187090822695631231
806,2005972
807,802285285499861350
808,597434712763700014
809,1061343
810,23898792
811,39602082
812,14711942
813,1234036877802738824
814,1239353939252642805
815,1170412736056214920
816,1834026
817,1265346572188062434
818,1239053049458811288
819,609088912417473137
820,881663941105028125
821,12731428
822,1268021741133769172
823,43888224
824,1238563255180763724
825,11737208
826,730559606468704616
827,865591330776338545
828,980160430713074786
829,1830227
830,5268514
831,2263681
832,31733790
833,863106467206929995
834,36515152
835,1278257252077929445
836,1182761979474528929
837,673086214664958018
838,19873910
839,52981104
840,1069480841499856359
841,1268681935743633284
842,21214815
843,14764055
844,1268765530082134094
845,862747800117931050
846,8882078
847,975107505423731853
848,1272603603835118029
849,3773985
850,1149136679813171553
851,23232623
852,1096204616038822606
853,12373247
854,918644842377290053
855,1182414917987923802
856,1228812933215136247
857,735175951395258961
858,28017414
859,1182790397410494497
860,54155170
861,598210258384760217
862,4510598
863,49139115
864,2849918
865,2822232
866,735175800985977587
867,1110775765657684157
868,37900679
869,52604262
870,1252018416952713003
871,840123
872,1254299121348179957
873,1124719686852446488
874,864453445703569122
875,11884918
876,1203021625122864206
877,50957438
878,41716286
879,1236666704904735115
880,609745954841259796
881,29824014
882,38306095
883,40553667
884,1252854137324361932
885,53536192
886,811918
887,15040104
888,694802952561057622
889,1182391454226388978
890,13743908
891,8677938
892,698455037502953541
893,790496430265031624
894,22644664
895,2097376
896,836715488294825056
897,4904743
898,1193500597485584032
899,38257829
900,52219850
901,659432203556851145
902,8420515
903,1001147737090334838
904,1269491622204635396
905,1204400748281119952
906,583987826544046548
907,31145711
908,1161105601210034241
909,52147308
910,20368174
911,1148647496137216055
912,33541032
913,639225290012118694
914,1100488398083786257
915,32393656
916,1183108967315268306
917,1173754145351312679
918,1095807116557377949
919,1206416200126980818
920,37418264
921,1125225051629566511
922,21389251
923,1141257131100281214
924,40553596
925,51458200
926,1182435899792454124
927,869872586733748158
928,1086535437179140288
929,609163474344043614
930,1156411796973561184
931,1154207864004800855
932,1280281294391488962
933,1207471
934,997798425701205779
935,1025298108550252531
936,1265836369331663483
937,25069976
938,1262390950809215892
939,1257766145037388052
940,21393496
941,1176760469418257042
942,40723364
943,1269383741709289176
944,1176226107076295255
945,1151964477819696574
946,1159278810932254708
947,16994256
948,1147692746401940575
949,30254261
950,4392320
951,1157817562416922983
952,902633104127872054
953,1260018
954,1126870339906624244
955,1904671
956,609750982297259928
957,1193504278643813121
958,1183928855131397521
959,928813633522398929
960,936228863212046565
961,42577135
962,783825037821610607
963,954147771016625911
964,1180966254426962573
965,44232354
966,575318955377743989
967,863106579154006097
968,1086524495462575195
969,1996319
970,42576874
971,1257769885054208712
972,884420
973,1253564572663779439
974,1112794273675480912
975,9048372
976,1197658127949521687
977,805182872948581979
978,10314556
979,654948332768597138
980,1123386407470967741
981,1156381807525987733
982,19455196
983,1239920055875442315
984,864433570752361593
985,1182345857361274449
986,1146209989105748196
987,801550599741129719
988,787066497042209443
989,1234633898550186236
990,947831878115604629
991,1086549149955522529
992,969658917795252587
993,42709477
994,1178881760211641182
995,13571420
996,51859822
997,1243254147120959358
998,16950006
999,23663833
1000,868152270028055047
1001,799080192649946305
1002,998945864657673961
1003,5715021
1004,1178888317022753660
1005,17576357
1006,980925025814952480
1007,31977850
1008,18066180
1009,20072386
1010,1077425815550336485
1011,44192271
1012,985459010470005534
1013,16401294
1014,1210798015220889177
1015,54155170
1016,1247673407955897340
1017,1259116019707310328
1018,1268021741133769172
1019,639225290012118694
1020,1182345857361274449
1021,52604262
1022,2263681
1023,1265836369331663483
1024,1830227
1025,782424282529788819
1026,1252854137324361932
1027,994793512972717331
1028,1110775765657684157
1029,1061343
1030,1252849636674011237
1031,4843329
1032,1150062
1033,1239353939252642805
1034,2087178
1035,1126613779447054663
1036,1269383741709289176
1037,1064956
1038,1151964477819696574
1039,698455037502953541
1040,1155780047070266837
1041,1203591412271478352
1042,36054333
1043,1172094376254174061
1044,1253564572663779439
1045,602199641013368552
1046,582364
1047,663678726165256476
1048,865662598397288795
1049,51386019
1050,13555213
1051,2343336
1052,673965686368076785
1053,984985
1054,3773985
1055,32457366
1056,20793112
1057,1252851017334064123
1058,43235590
1059,44697710
1060,52981104
1061,40553667
1062,750696265122288224
1063,1025981229888939036
1064,42127782
1065,40723364
1066,5411539
1067,1262390950809215892
1068,977631
1069,23232623
1070,36339224
1071,38841896
1072,25702608
1073,2934212
1074,1123114806323837371
1075,1254299121348179957
1076,39404484
1077,1069767464415400271
1078,1104814296743679177
1079,1265216980844013939
1080,1296121
1081,2722884
1082,1265346572188062434
1083,1264564400066050822
1084,826397
1085,1149191
1086,44697709
1087,1044130
1088,1239053049458811288
1089,35488866
1090,1274440175767540315
1091,1228812933215136247
1092,698508343392952591
1093,986153994263129440
1094,25543821
1095,1163836485290983708
1096,1280281294391488962
1097,15848466
1098,8677938
1099,40553596
1100,42886697
1101,34191394
1102,9659171
1103,276527
1104,2669219
1105,717119569864803923
1106,682871
1107,14164414
1108,30552006
1109,27039920
1110,1075908913530459437
1111,2396459
1112,29642908
1113,740340949836314004
1114,801909472414507212
1115,19743636
1116,34296498
1117,43235980
1118,1248760917371966497
1119,1257766145037388052
1120,25542010
1121,2451930
1122,1100532721091656032
1123,27183708
1124,767268823062718116
1125,6833040
1126,54155109
1127,1248750542478617295
1128,882386616914940777
1129,1169466784064130971
1130,1218288098596145710
1131,1197993987379633328
1132,1147692746401940575
1133,37768888
1134,45955324
1135,1262359224268957037
1136,1236666704904735115
1137,1222003173128366994
1138,35832249
1139,947204971179252248
1140,23444412
1141,1069643013409765982
1142,6333329
1143,1132044365202192996
